{"_step":0,"optuna/best_score":0.8953975113166175,"optuna/n_trials":100,"optuna/best_params":{"lora_r":24,"lora_alpha":8,"temperature":0.5762001760320556,"learning_rate":1.1980042478047503e-05,"num_beams":7,"warmup_ratio":0.1162070835840682,"batch_size":4,"weight_decay":0.05970117459626892,"top_p":0.8780795468947518},"_wandb":{"runtime":0},"_runtime":0,"_timestamp":1.7600670190530832e+09}