{"train/loss": 0.4497, "train/learning_rate": 8.224621501263073e-06, "train/epoch": 7.0, "train/global_step": 1750, "_timestamp": 1758862941.2537327, "_runtime": 538.7259407043457, "_step": 14, "eval/loss": 0.8079550266265869, "eval/rouge-1": 0.3655828480908142, "eval/rouge-2": 0.13400255113452295, "eval/rouge-l": 0.3428507860713127, "eval/runtime": 5.9744, "eval/samples_per_second": 83.523, "eval/steps_per_second": 2.678, "train/train_runtime": 537.9107, "train/train_samples_per_second": 463.162, "train/train_steps_per_second": 9.295, "train/total_flos": 2.658420471103488e+16, "train/train_loss": 1.3142186017717634, "_wandb": {"runtime": 540}}