{"train_steps_per_second":0.076,"eval/steps_per_second":0.045,"_wandb":{"runtime":7658},"_step":53,"train/learning_rate":1.9960000000000002e-05,"eval/rouge2":0.07352613737102691,"eval/rouge1":0.10963667713656272,"eval/rougeL":0.10963667713656272,"train/global_step":500,"train/loss":1.0497,"eval/rouge_sum":0.29279949164415237,"train_loss":1.2595160522460938,"eval/runtime":1104.8259,"train/grad_norm":2.573958158493042,"total_flos":8.733884153856e+16,"eval/loss":1.2082130908966064,"eval/samples_per_second":0.452,"train/epoch":2,"_timestamp":1.7603472649387228e+09,"train_samples_per_second":0.763,"train_runtime":6553.295,"_runtime":7658}