{"train/global_step":125,"eval/loss":1.3466014862060547,"_runtime":1091,"train/learning_rate":4.76e-06,"train/epoch":1,"eval/samples_per_second":1.204,"train_samples_per_second":1.387,"eval/rougeL":0.11139272780492855,"_timestamp":1.760331260009527e+09,"_wandb":{"runtime":1091},"eval/rouge_sum":0.29746177397807705,"train_steps_per_second":0.173,"total_flos":1.7467768307712e+16,"eval/steps_per_second":0.152,"train/loss":1.366,"train_runtime":721.2364,"train/grad_norm":1.4910774230957031,"eval/runtime":414.4395,"eval/rouge2":0.07467631836821995,"train_loss":1.4944348030090333,"eval/rouge1":0.11139272780492855,"_step":14}