{"train/loss": 5.5427, "train/learning_rate": 4.92e-06, "train/epoch": 1.0, "train/global_step": 250, "_timestamp": 1758858991.9492562, "_runtime": 71.01535320281982, "_step": 0}