{"train/epoch":10,"train_steps_per_second":0.993,"total_flos":3.03831677140992e+16,"_wandb":{"runtime":6598},"eval/rouge1":0.4632358847820775,"train_samples_per_second":15.888,"train_runtime":6272.6737,"_step":73,"eval/steps_per_second":0.428,"train/learning_rate":4.944851657940663e-07,"train/global_step":6230,"_runtime":6598,"train/grad_norm":1.4244526624679565,"eval/rouge2":0.2954698985130164,"eval/samples_per_second":6.834,"eval/runtime":364.4827,"_timestamp":1.760490493157261e+09,"train_loss":0.5623991288113173,"eval/rougeL":0.45103180921559993,"eval/loss":1.8449456691741943,"train/loss":0.0762,"eval/rouge_sum":1.209737592510694}