{"eval/loss":1.8544440269470215,"train/epoch":10,"_runtime":5987,"train/grad_norm":1.4631805419921875,"_step":73,"eval/rouge2":0.29523202607302135,"train_runtime":5709.8089,"eval/samples_per_second":5.757,"eval/runtime":432.7001,"total_flos":3.03831677140992e+16,"eval/rouge1":0.461430214454143,"train_samples_per_second":17.454,"train_steps_per_second":1.091,"_wandb":{"runtime":5987},"train/loss":0.0759,"eval/rouge_sum":1.2076671584951582,"eval/steps_per_second":0.361,"_timestamp":1.760476970394875e+09,"train/learning_rate":4.944851657940663e-07,"eval/rougeL":0.4510049179679937,"train_loss":0.563492120288157,"train/global_step":6230}