{"epoch":4,"_timestamp":1.7600584943957493e+09,"learning_rate":3.3333333333333335e-05,"rouge_1":0.12154580962595415,"rouge_2":0.032855022806200666,"_wandb":{"runtime":223},"rouge_l":0.1162229672278085,"_runtime":223,"_step":3119,"train_loss_epoch":0.3051846284079766,"train_loss":0.27595698833465576,"val_loss":0.5443089166656137}