{
  "mode": "full",
  "models": [
    "kobart",
    "llama-3.2-korean-3b",
    "qwen3-4b"
  ],
  "ensemble_strategy": "stacking",
  "use_tta": true,
  "model_results": [
    {
      "model_name": "kobart",
      "model_path": "experiments/20251013/20251013_161056_test_strategy3_triple/model_0_kobart/default/final_model",
      "eval_metrics": {
        "eval_loss": 1.5624250173568726,
        "eval_rouge1": 0.4048185662532205,
        "eval_rouge2": 0.24801069242071988,
        "eval_rougeL": 0.39521092385284223,
        "eval_rouge_sum": 1.0480401825267827,
        "eval_runtime": 36.7423,
        "eval_samples_per_second": 13.581,
        "eval_steps_per_second": 1.361,
        "epoch": 2.0
      },
      "status": "success"
    },
    {
      "model_name": "llama-3.2-korean-3b",
      "model_path": "experiments/20251013/20251013_161056_test_strategy3_triple/model_1_llama_3.2_korean_3b/llama_3.2_3b_qlora/final_model",
      "eval_metrics": {
        "eval_loss": 1.2082130908966064,
        "eval_rouge1": 0.10963667713656272,
        "eval_rouge2": 0.07352613737102691,
        "eval_rougeL": 0.10963667713656272,
        "eval_rouge_sum": 0.29279949164415237,
        "eval_runtime": 1104.8259,
        "eval_samples_per_second": 0.452,
        "eval_steps_per_second": 0.045,
        "epoch": 2.0
      },
      "status": "success"
    },
    {
      "model_name": "qwen3-4b",
      "model_path": "experiments/20251013/20251013_161056_test_strategy3_triple/model_2_qwen3_4b/qwen3_4b_qlora/final_model",
      "eval_metrics": {
        "eval_loss": 0.851283073425293,
        "eval_rouge1": 0.1449955604560209,
        "eval_rouge2": 0.0980409118389459,
        "eval_rougeL": 0.1449955604560209,
        "eval_rouge_sum": 0.38803203275098774,
        "eval_runtime": 3749.4822,
        "eval_samples_per_second": 0.133,
        "eval_steps_per_second": 0.013,
        "epoch": 2.0
      },
      "status": "success"
    }
  ],
  "ensemble_results": {},
  "solar_results": {
    "solar_rouge_1_f1": 0.22721529000252147,
    "solar_rouge_2_f1": 0.07650273711618417,
    "solar_rouge_l_f1": 0.21771327705012092,
    "n_samples": 50
  },
  "tta_results": {
    "tta_applied": false,
    "strategies": [
      "paraphrase"
    ],
    "num_aug": 2
  },
  "inference_results": {
    "submission_path": "experiments/20251013/20251013_161056_test_strategy3_triple/submissions/20251013_161056_test_strategy3_triple.csv",
    "submission_path_2": "submissions/20251014/20251013_161056_test_strategy3_triple.csv",
    "num_predictions": 499,
    "best_model_used": "experiments/20251013/20251013_161056_test_strategy3_triple/model_0_kobart/default/final_model"
  }
}