{"train_runtime":4293.5193,"train_samples_per_second":23.209,"train/epoch":7,"train/learning_rate":3.080164048865619e-05,"eval/rouge2":0.29107788740064466,"_wandb":{"runtime":4601},"eval/samples_per_second":6.296,"train/loss":0.2178,"eval/rouge_sum":1.1931160887887846,"_timestamp":1.7604708182628438e+09,"eval/rouge1":0.4559684228539767,"train/grad_norm":1.8474878072738647,"train_loss":0.7571364105144134,"total_flos":2.12660833222656e+16,"eval/loss":1.509141206741333,"train_steps_per_second":1.451,"train/global_step":4361,"_step":51,"_runtime":4601,"eval/steps_per_second":0.394,"eval/runtime":395.8221,"eval/rougeL":0.4460697785341631}