{"_timestamp":1.7604661179836764e+09,"train/learning_rate":4.944851657940663e-07,"eval/steps_per_second":0.389,"eval/rougeL":0.45327907709513654,"_wandb":{"runtime":6163},"eval/loss":1.83775794506073,"total_flos":3.0380119031808e+16,"_step":73,"train_samples_per_second":17.043,"train_loss":0.5650465482310728,"eval/runtime":400.5199,"train_runtime":5847.0504,"eval/rouge1":0.4640450860927266,"train_steps_per_second":1.065,"train/loss":0.0795,"eval/rouge_sum":1.2122974326370395,"eval/rouge2":0.29497326944917646,"_runtime":6163,"train/global_step":6230,"eval/samples_per_second":6.222,"train/grad_norm":1.1951714754104614,"train/epoch":10}