{"_step":5,"_runtime":581,"_wandb":{"runtime":581},"train/global_step":60,"train/loss":2.5576,"train/epoch":0.08,"_timestamp":1.7603216637642016e+09,"train/learning_rate":5.900000000000001e-07,"train/grad_norm":4.949262619018555}