{"_runtime":1579,"train/learning_rate":1.19e-06,"_step":11,"train/epoch":0.96,"train/global_step":120,"train/loss":1.5483,"train/grad_norm":1.6930618286132812,"_timestamp":1.7602825977770143e+09,"_wandb":{"runtime":1579}}