{"_runtime":1,"_step":0,"optuna/best_score":0.8995593491725112,"optuna/n_trials":100,"optuna/best_params":{"learning_rate":1.2849410844034296e-05,"warmup_ratio":0.04676580537238434,"lora_alpha":32,"temperature":0.7044164158350845,"lora_r":60,"num_beams":6,"batch_size":8,"weight_decay":0.09397824980641581,"top_p":0.9447757278059312},"_timestamp":1.760068504061433e+09,"_wandb":{"runtime":1}}