{"train/loss": 5.4743, "train/learning_rate": 4.92e-06, "train/epoch": 1.0, "train/global_step": 250, "_timestamp": 1758862300.720653, "_runtime": 78.70040202140808, "_step": 1, "eval/loss": 2.5597870349884033, "eval/rouge-1": 0.22204499576936848, "eval/rouge-2": 0.04161542822433188, "eval/rouge-l": 0.2128060357503336, "eval/runtime": 8.6057, "eval/samples_per_second": 57.985, "eval/steps_per_second": 1.859}