{"_runtime":3302,"train/loss":1.1676,"train/global_step":750,"_step":74,"train/learning_rate":2e-08,"_wandb":{"runtime":3302},"train/epoch":1,"train/grad_norm":2.3305602073669434,"_timestamp":1.7603201351981008e+09}