{"_timestamp":1.760329565889363e+09,"_runtime":1484,"train/epoch":0.9866666666666667,"train/global_step":370,"_wandb":{"runtime":1484},"_step":36,"train/learning_rate":1.4760000000000001e-05,"train/loss":1.3233,"train/grad_norm":3.7677152156829834}