{
  "learning_rate": 2.389384302777502e-05,
  "batch_size": 8,
  "lora_r": 32,
  "lora_alpha": 40,
  "num_beams": 5,
  "temperature": 0.6916193840113483,
  "warmup_ratio": 0.06938783991962069,
  "weight_decay": 0.019553993502545174,
  "top_p": 0.856323538745967
}