{
  "learning_rate": 4.841464654708601e-05,
  "batch_size": 8,
  "lora_r": 40,
  "lora_alpha": 96,
  "num_beams": 6,
  "temperature": 0.8371928849324803,
  "warmup_ratio": 0.04041542256303799,
  "weight_decay": 0.06919928895680695,
  "top_p": 0.8408447289995127
}