{
  "learning_rate": 4.392006683548822e-05,
  "batch_size": 8,
  "lora_r": 36,
  "lora_alpha": 32,
  "num_beams": 6,
  "temperature": 0.9086822440713155,
  "warmup_ratio": 0.19914985679220534,
  "weight_decay": 0.08817868336931864,
  "top_p": 0.9450666640869297
}