{"train/learning_rate":1.19e-06,"_timestamp":1.7602846135977616e+09,"_runtime":3938,"train/loss":2.3319,"train/epoch":0.96,"_step":11,"train/grad_norm":3.7027523517608643,"_wandb":{"runtime":3938},"train/global_step":120}