{"train/loss": 0.4315, "train/learning_rate": 7.512082232294491e-06, "train/epoch": 8.0, "train/global_step": 2000, "_timestamp": 1758859846.3201754, "_runtime": 618.3127825260162, "_step": 16, "eval/loss": 0.8103711009025574, "eval/rouge-1": 0.3639301763931682, "eval/rouge-2": 0.1320229697844719, "eval/rouge-l": 0.34301724730792255, "eval/runtime": 6.2269, "eval/samples_per_second": 80.136, "eval/steps_per_second": 2.569, "train/train_runtime": 617.5183, "train/train_samples_per_second": 403.454, "train/train_steps_per_second": 8.097, "train/total_flos": 3.038194824118272e+16, "train/train_loss": 1.198088882446289, "_wandb": {"runtime": 619}}