{"train_loss":1.1681147727966308,"train_steps_per_second":0.017,"train/loss":0.7881,"eval/rouge2":0.0980409118389459,"train/global_step":500,"eval/rougeL":0.1449955604560209,"train/epoch":2,"eval/rouge1":0.1449955604560209,"total_flos":1.126361726976e+17,"eval/samples_per_second":0.133,"train_runtime":30185.2064,"_wandb":{"runtime":32397},"_runtime":32397,"eval/rouge_sum":0.38803203275098774,"eval/steps_per_second":0.013,"_timestamp":1.7603812124871502e+09,"train/learning_rate":1.9960000000000002e-05,"eval/loss":0.851283073425293,"train/grad_norm":1.4189558029174805,"train_samples_per_second":0.166,"_step":53,"eval/runtime":3749.4822}