{"_wandb":{"runtime":1103},"_step":14,"total_flos":1.7467768307712e+16,"train/epoch":1,"_timestamp":1.760336742492744e+09,"eval/rouge1":0.11139272780492855,"eval/runtime":395.4898,"eval/rouge2":0.07467631836821995,"eval/samples_per_second":1.262,"train/global_step":125,"train_steps_per_second":0.165,"train/loss":1.366,"eval/loss":1.3466014862060547,"train/grad_norm":1.4910774230957031,"_runtime":1103,"eval/steps_per_second":0.159,"train/learning_rate":4.76e-06,"train_loss":1.4944348030090333,"train_samples_per_second":1.322,"eval/rouge_sum":0.29746177397807705,"eval/rougeL":0.11139272780492855,"train_runtime":756.4759}