{
  "mode": "optuna",
  "model": "kobart",
  "best_params": {
    "learning_rate": 7.568292060167621e-05,
    "num_epochs": 10,
    "warmup_ratio": 0.11957999576221703,
    "weight_decay": 0.09218742350231168,
    "scheduler_type": "polynomial",
    "num_beams": 6,
    "length_penalty": 0.9214017645310711
  },
  "best_value": 0.45980874592447585,
  "n_trials": 13,
  "study_name": "optuna_kobart_kobart_ultimate_optuna"
}