{"train_runtime":6463.8902,"eval/rougeL":0.4611754029324552,"_wandb":{"runtime":6710},"eval/runtime":403.836,"eval/rouge_sum":1.2381770745079073,"train/loss":0.0764,"train/learning_rate":4.944851657940663e-07,"_timestamp":1.7604838470832653e+09,"train/epoch":10,"eval/samples_per_second":6.168,"train_loss":0.5661603761905651,"train/global_step":6230,"eval/rouge1":0.47515951284314806,"eval/loss":1.8369140625,"eval/steps_per_second":0.386,"total_flos":3.03831677140992e+16,"train_steps_per_second":0.964,"_runtime":6710,"train/grad_norm":1.3247674703598022,"_step":73,"eval/rouge2":0.3018421587323041,"train_samples_per_second":15.418}